"google_dir","layer_top","layer_bot","layer_mid","time_series","layers","var_n","avg","min","max"
"AND_10YR_CN",0,10,NA,"YES","NO",18,4.5,2.9,8.7
"AND_10YR_DenseFrac",0,10,NA,"YES","NO",0,NA,NA,NA
"AND_15YR_CN",0,10,NA,"YES","NO",22,5.2,1.9,11
"AND_15YR_CN",10,20,NA,"YES","NO",22,3.4,1.9,5
"ARC1",0,1,NA,"NO","NO",1,12.2,12.2,12.2
"ARC1",0,1.5,NA,"NO","NO",2,18.6,6.5,30.6
"ARC1",0,2,NA,"NO","NO",2,10.2,9.9,10.6
"ARC1",0,2.5,NA,"NO","NO",1,30,30,30
"ARC1",0,3,NA,"NO","NO",1,29.2,29.2,29.2
"ARC1",0,4,NA,"NO","NO",3,29.6,27.9,30.7
"ARC1",0,5,NA,"NO","NO",94,NA,NA,NA
"ARC1",0,5.5,NA,"NO","NO",2,22.3,19.9,24.7
"ARC1",0,6,NA,"NO","NO",9,27.9,5.9,44
"ARC1",0,7,NA,"NO","NO",4,10.6,1.4,35.2
"ARC1",0,7.5,NA,"NO","NO",1,1.8,1.8,1.8
"ARC1",0,8,NA,"NO","NO",8,10.9,1.3,39.1
"ARC1",0,8.5,NA,"NO","NO",1,14.8,14.8,14.8
"ARC1",0,9,NA,"NO","NO",2,1.8,1.4,2.2
"ARC1",0,9.5,NA,"NO","NO",4,4.7,1,11.4
"ARC1",0,10,NA,"NO","NO",55,NA,NA,NA
"ARC1",0,10.5,NA,"NO","NO",3,1.6,1,2.1
"ARC1",0,11,NA,"NO","NO",5,4,1.7,6.2
"ARC1",0,12,NA,"NO","NO",7,12.8,0.8,42.6
"ARC1",0,13,NA,"NO","NO",2,14.9,5.1,24.7
"ARC1",4,14,NA,"NO","NO",1,10.2,10.2,10.2
"ARC1",5,6,NA,"NO","NO",1,19.4,19.4,19.4
"ARC1",5,7,NA,"NO","NO",3,11.9,5.4,15.5
"ARC1",5,7.5,NA,"NO","NO",1,16.8,16.8,16.8
"ARC1",5,8,NA,"NO","NO",6,26,17.2,35.7
"ARC1",5,9,NA,"NO","NO",5,15.8,7,24.4
"ARC1",5,10,NA,"NO","NO",11,22.4,0.5,42.2
"ARC1",5,10.5,NA,"NO","NO",1,27.3,27.3,27.3
"ARC1",5,11,NA,"NO","NO",4,28.4,19.1,44.2
"ARC1",5,12,NA,"NO","NO",7,23.9,0.8,44
"ARC1",5,13,NA,"NO","NO",6,25.9,0.5,35.2
"ARC1",5,14,NA,"NO","NO",6,23.4,1.6,37.1
"ARC1",5,15,NA,"NO","NO",21,28.3,0.5,45.2
"ARC1",5,16,NA,"NO","NO",3,4.7,0.5,12.4
"ARC1",5,17,NA,"NO","NO",1,1.2,1.2,1.2
"ARC1",5,19,NA,"NO","NO",1,38,38,38
"ARC1",6,11,NA,"NO","NO",1,15.1,15.1,15.1
"ARC1",6,20,NA,"NO","NO",1,29.5,29.5,29.5
"ARC1",8,13,NA,"NO","NO",1,24.5,24.5,24.5
"ARC1",10,12,NA,"NO","NO",2,1,0.8,1.2
"ARC1",10,13,NA,"NO","NO",2,2.1,1.5,2.7
"ARC1",10,13.5,NA,"NO","NO",1,0.7,0.7,0.7
"ARC1",10,14,NA,"NO","NO",5,1.5,0.8,3.1
"ARC1",10,15,NA,"NO","NO",6,2.4,0.8,4.5
"ARC1",10,15.5,NA,"NO","NO",1,1.8,1.8,1.8
"ARC1",10,16,NA,"NO","NO",2,2.7,1.3,4.1
"ARC1",10,17,NA,"NO","NO",3,2.5,0.8,5.1
"ARC1",10,19.5,NA,"NO","NO",1,0.6,0.6,0.6
"ARC1",10,20,NA,"NO","NO",5,2.3,0.6,5.4
"ARC1",10,23,NA,"NO","NO",1,5.8,5.8,5.8
"ARC1",12,17,NA,"NO","NO",1,28.5,28.5,28.5
"ARC1",15,20,NA,"NO","NO",3,36.2,27.2,42.2
"ARC1",15,21,NA,"NO","NO",3,23.2,16,32.5
"ARC1",15,22,NA,"NO","NO",4,29.7,24,36.4
"ARC1",15,23,NA,"NO","NO",1,33.3,33.3,33.3
"ARC1",15,25,NA,"NO","NO",2,18,8.6,27.4
"ARC1",15,30,NA,"NO","NO",1,18.2,18.2,18.2
"ARC1",19,28,NA,"NO","NO",1,22.9,22.9,22.9
"ARC1",20,24,NA,"NO","NO",1,1.2,1.2,1.2
"ARC1",20,33,NA,"NO","NO",1,23.3,23.3,23.3
"ARC1",21,30,NA,"NO","NO",1,14.9,14.9,14.9
"ARC1",25,35,NA,"NO","NO",1,27.1,27.1,27.1
"ARC1",29,38,NA,"NO","NO",1,31.9,31.9,31.9
"ARC1",35,46,NA,"NO","NO",1,29.5,29.5,29.5
"ARC1",55,65,NA,"NO","NO",1,15.9,15.9,15.9
"ARC1",142,157,NA,"NO","NO",1,1.8,1.8,1.8
"ARC2",0,3,NA,"NO","NO",0,NA,NA,NA
"ARC2",0,5.5,NA,"NO","NO",1,33.2,33.2,33.2
"ARC2",0,7.5,NA,"NO","NO",1,20.9,20.9,20.9
"ARC2",0,10,NA,"NO","NO",116,NA,NA,NA
"ARC2",0,NA,NA,"NO","NO",0,NA,NA,NA
"ARC2",10,13,NA,"NO","NO",3,28.5,11.2,43.7
"ARC2",10,14,NA,"NO","NO",6,NA,NA,NA
"ARC2",10,14.5,NA,"NO","NO",1,31.8,31.8,31.8
"ARC2",10,15,NA,"NO","NO",5,38.3,29.3,46.7
"ARC2",10,15.5,NA,"NO","NO",1,38.2,38.2,38.2
"ARC2",10,16,NA,"NO","NO",3,32.8,18.4,47.3
"ARC2",10,17,NA,"NO","NO",2,30.4,21,39.9
"ARC2",10,18,NA,"NO","NO",1,42.2,42.2,42.2
"ARC2",10,18.5,NA,"NO","NO",1,38,38,38
"ARC2",10,19,NA,"NO","NO",7,38.5,21.7,46.3
"ARC2",10,20,NA,"NO","NO",3,40.5,34.6,45.9
"ARC2",10,20.5,NA,"NO","NO",2,42.1,39.9,44.3
"ARC2",10,21,NA,"NO","NO",4,34.1,28.5,40.2
"ARC2",10,21.5,NA,"NO","NO",1,32.5,32.5,32.5
"ARC2",10,22,NA,"NO","NO",4,39.6,30.7,43.2
"ARC2",10,23,NA,"NO","NO",2,NA,NA,NA
"ARC2",10,23.5,NA,"NO","NO",3,38.7,35,42.8
"ARC2",10,24,NA,"NO","NO",2,43.1,40.2,46.1
"ARC2",10,24.5,NA,"NO","NO",1,NA,NA,NA
"ARC2",10,25,NA,"NO","NO",1,27.3,27.3,27.3
"ARC2",10,26,NA,"NO","NO",4,36.2,28.3,40.3
"ARC2",10,27,NA,"NO","NO",2,34.6,30.9,38.2
"ARC2",10,28,NA,"NO","NO",1,24.4,24.4,24.4
"ARC2",10,29,NA,"NO","NO",1,44.6,44.6,44.6
"ARC2",10,30,NA,"NO","NO",2,39.6,39.1,40.2
"ARC2",10,31,NA,"NO","NO",1,26.8,26.8,26.8
"ARC2",10,34,NA,"NO","NO",1,42.9,42.9,42.9
"ARC2",10,37.5,NA,"NO","NO",1,41.9,41.9,41.9
"ARC2",10,41,NA,"NO","NO",1,37.3,37.3,37.3
"ARC2",10,NA,NA,"NO","NO",6,36,12,67.9
"BcCZO",5,0,NA,"NO","NO",97,6.2,1.1,17.1
"BES",0,10,NA,"NO","NO",81,2.7,0.5,4.9
"BES",10,30,NA,"NO","NO",81,0.9,0,3.6
"BES",30,70,NA,"NO","NO",72,NA,NA,NA
"BES",70,100,NA,"NO","NO",67,NA,NA,NA
"BNZ1",NA,1.3,NA,"NO","NO",2,46.2,46.2,46.3
"BNZ1",NA,1.6,NA,"NO","NO",1,43.9,43.9,43.9
"BNZ1",NA,1.7,NA,"NO","NO",3,46.5,45.6,47.3
"BNZ1",NA,2.3,NA,"NO","NO",4,45.3,44.9,45.8
"BNZ1",NA,2.7,NA,"NO","NO",3,45.1,44.5,46
"BNZ1",NA,3,NA,"NO","NO",4,45.1,44.5,45.9
"BNZ1",NA,3.3,NA,"NO","NO",5,45.1,44.1,46
"BNZ1",NA,3.7,NA,"NO","NO",1,45.5,45.5,45.5
"BNZ1",NA,3.8,NA,"NO","NO",1,45.6,45.6,45.6
"BNZ1",NA,4,NA,"NO","NO",1,44.2,44.2,44.2
"BNZ1",NA,5.5,NA,"NO","NO",1,44.3,44.3,44.3
"BNZ1",NA,6,NA,"NO","NO",1,44.8,44.8,44.8
"BNZ1",NA,6.2,NA,"NO","NO",1,44.5,44.5,44.5
"BNZ1",NA,6.3,NA,"NO","NO",2,40.2,36.4,44.1
"BNZ1",NA,6.5,NA,"NO","NO",1,37.4,37.4,37.4
"BNZ1",NA,6.7,NA,"NO","NO",1,44,44,44
"BNZ1",NA,7,NA,"NO","NO",1,44.1,44.1,44.1
"BNZ1",NA,7.3,NA,"NO","NO",1,41.2,41.2,41.2
"BNZ1",NA,8,NA,"NO","NO",2,40.9,40.1,41.8
"BNZ1",NA,8.2,NA,"NO","NO",2,40,37.1,42.9
"BNZ1",NA,8.3,NA,"NO","NO",2,43.8,43.4,44.1
"BNZ1",NA,10,NA,"NO","NO",32,7.4,2,44
"BNZ1",NA,10.2,NA,"NO","NO",2,37.4,35.5,39.2
"BNZ1",NA,11,NA,"NO","NO",1,43.5,43.5,43.5
"BNZ1",NA,11.2,NA,"NO","NO",1,39.3,39.3,39.3
"BNZ1",NA,11.7,NA,"NO","NO",1,41.5,41.5,41.5
"BNZ1",NA,13.7,NA,"NO","NO",1,40.8,40.8,40.8
"BNZ1",NA,14,NA,"NO","NO",2,41,37.6,44.4
"BNZ1",NA,14.1,NA,"NO","NO",1,42.6,42.6,42.6
"BNZ1",NA,14.3,NA,"NO","NO",1,43.5,43.5,43.5
"BNZ1",NA,15,NA,"NO","NO",1,45.9,45.9,45.9
"BNZ1",NA,15.5,NA,"NO","NO",1,45.4,45.4,45.4
"BNZ1",NA,18,NA,"NO","NO",2,43.9,42.8,45.1
"BNZ1",NA,21,NA,"NO","NO",1,43.6,43.6,43.6
"BNZ2",0,5,NA,"NO","NO",18,42.6,41.3,44.8
"BNZ2",0,10,NA,"NO","NO",17,12,4.6,20
"BNZ2",5,15,NA,"NO","NO",17,41.6,39.4,45.9
"BNZ2",10,12,NA,"NO","NO",2,25.6,19.4,31.9
"BNZ2",10,14,NA,"NO","NO",1,5.4,5.4,5.4
"BNZ2",10,20,NA,"NO","NO",13,13.1,2.6,24.6
"BNZ2",15,25,NA,"NO","NO",18,39.4,36.5,41.6
"BNZ2",20,26,NA,"NO","NO",1,14.8,14.8,14.8
"BNZ2",20,28,NA,"NO","NO",1,5.6,5.6,5.6
"BNZ2",20,30,NA,"NO","NO",11,17.7,3.9,27.8
"BNZ2",25,35,NA,"NO","NO",17,NA,NA,NA
"BNZ2",30,32,NA,"NO","NO",1,27.8,27.8,27.8
"BNZ2",30,40,NA,"NO","NO",9,15.1,3.5,27.6
"BNZ2",35,40,NA,"NO","NO",1,33.9,33.9,33.9
"BNZ2",35,41,NA,"NO","NO",1,39.2,39.2,39.2
"BNZ2",35,43,NA,"NO","NO",1,34.7,34.7,34.7
"BNZ2",35,50,NA,"NO","NO",1,39.9,39.9,39.9
"BNZ2",35,54,NA,"NO","NO",1,27.6,27.6,27.6
"BNZ2",35,59,NA,"NO","NO",1,29.6,29.6,29.6
"BNZ2",35,61,NA,"NO","NO",1,31.6,31.6,31.6
"BNZ2",35,62,NA,"NO","NO",1,36.8,36.8,36.8
"BNZ2",35,63,NA,"NO","NO",1,29.9,29.9,29.9
"BNZ2",35,65,NA,"NO","NO",2,32.6,31.6,33.5
"BNZ2",35,NA,NA,"NO","NO",2,NA,NA,NA
"BNZ2",40,42,NA,"NO","NO",1,20.7,20.7,20.7
"BNZ2",40,45,NA,"NO","NO",1,14.9,14.9,14.9
"BNZ2",40,45.5,NA,"NO","NO",1,16,16,16
"BNZ2",40,50,NA,"NO","NO",5,10.8,2.6,24.7
"BNZ2",50,54,NA,"NO","NO",1,2.7,2.7,2.7
"BNZ2",50,55,NA,"NO","NO",1,11.2,11.2,11.2
"BNZ2",50,58,NA,"NO","NO",1,26.4,26.4,26.4
"BNZ2",50,59,NA,"NO","NO",1,14.6,14.6,14.6
"BNZ2",50,62,NA,"NO","NO",1,3.2,3.2,3.2
"BNZ3",0,2,NA,"NO","NO",1,12.7,12.7,12.7
"BNZ3",0,3,NA,"NO","NO",1,4.5,4.5,4.5
"BNZ3",0,5,NA,"NO","NO",137,9.2,1.9,19.8
"BNZ3",0,12,NA,"NO","NO",1,4.7,4.7,4.7
"BNZ3",0.2,0,NA,"NO","NO",1,26.2,26.2,26.2
"BNZ3",0.25,0,NA,"NO","NO",1,42.7,42.7,42.7
"BNZ3",0.5,0,NA,"NO","NO",13,30,21.7,40.9
"BNZ3",1,0,NA,"NO","NO",14,38.9,23.7,44.8
"BNZ3",1,0.5,NA,"NO","NO",1,40.9,40.9,40.9
"BNZ3",1.5,0,NA,"NO","NO",1,42.4,42.4,42.4
"BNZ3",2,0,NA,"NO","NO",41,41.8,26.2,46.1
"BNZ3",2.5,0,NA,"NO","NO",2,44.9,44.7,45.2
"BNZ3",3,0,NA,"NO","NO",27,41.4,21.3,47.2
"BNZ3",3,1.5,NA,"NO","NO",1,43.6,43.6,43.6
"BNZ3",3,2,NA,"NO","NO",1,45.9,45.9,45.9
"BNZ3",3.5,0,NA,"NO","NO",3,43.4,40.1,45
"BNZ3",4,0,NA,"NO","NO",22,42.8,30.3,46.2
"BNZ3",4,2,NA,"NO","NO",2,46,45.6,46.4
"BNZ3",4,3,NA,"NO","NO",1,41.9,41.9,41.9
"BNZ3",5,0,NA,"NO","NO",18,36.7,20.6,46.8
"BNZ3",5,2,NA,"NO","NO",2,46,45.5,46.5
"BNZ3",5,3,NA,"NO","NO",1,44.2,44.2,44.2
"BNZ3",5,7,NA,"NO","NO",4,10.1,8.9,12.8
"BNZ3",5,8,NA,"NO","NO",8,7.5,1.6,21.6
"BNZ3",5,8.5,NA,"NO","NO",7,5.6,2.4,10.8
"BNZ3",5,9,NA,"NO","NO",20,7.1,0.4,19
"BNZ3",5,9.5,NA,"NO","NO",26,4.9,0.5,13.1
"BNZ3",5,10,NA,"NO","NO",61,5.6,0.9,19.4
"BNZ3",5,10.5,NA,"NO","NO",7,3.7,0.6,5.4
"BNZ3",5,11,NA,"NO","NO",14,4.6,0.2,10
"BNZ3",5,11.5,NA,"NO","NO",3,2.9,1.7,5
"BNZ3",5,12,NA,"NO","NO",3,3.8,2.3,6.4
"BNZ3",5,12.5,NA,"NO","NO",2,6.3,4.4,8.3
"BNZ3",5,13,NA,"NO","NO",2,2.7,1.7,3.7
"BNZ3",5,14,NA,"NO","NO",1,34.8,34.8,34.8
"BNZ3",5,16,NA,"NO","NO",1,6,6,6
"BNZ3",5.5,0,NA,"NO","NO",3,40.1,39.4,41
"BNZ3",5.5,3,NA,"NO","NO",1,25.5,25.5,25.5
"BNZ3",5.5,5,NA,"NO","NO",3,35.4,34.2,36.3
"BNZ3",6,0,NA,"NO","NO",4,43.8,42.5,45.1
"BNZ3",6,2,NA,"NO","NO",1,41.9,41.9,41.9
"BNZ3",7,0,NA,"NO","NO",5,42.9,40.4,45.1
"BNZ3",7,1,NA,"NO","NO",1,42.6,42.6,42.6
"BNZ3",7,2,NA,"NO","NO",4,43.3,38.2,46
"BNZ3",7,3,NA,"NO","NO",3,43.2,41.6,44.5
"BNZ3",7,3.5,NA,"NO","NO",1,44.1,44.1,44.1
"BNZ3",7,4,NA,"NO","NO",3,46.3,45.7,47
"BNZ3",7.5,0,NA,"NO","NO",2,44.9,44.8,44.9
"BNZ3",8,0.2,NA,"NO","NO",1,29.7,29.7,29.7
"BNZ3",8,2,NA,"NO","NO",2,44.9,43,46.8
"BNZ3",8,3,NA,"NO","NO",1,40.9,40.9,40.9
"BNZ3",8,4,NA,"NO","NO",1,40.7,40.7,40.7
"BNZ3",8,5,NA,"NO","NO",2,45.2,41.6,48.9
"BNZ3",8,6,NA,"NO","NO",2,45,41.8,48.2
"BNZ3",8.5,0,NA,"NO","NO",1,47.2,47.2,47.2
"BNZ3",9,0,NA,"NO","NO",3,43.5,41.8,44.6
"BNZ3",9,1,NA,"NO","NO",1,27.4,27.4,27.4
"BNZ3",9,2,NA,"NO","NO",1,37,37,37
"BNZ3",9,2.5,NA,"NO","NO",1,34.1,34.1,34.1
"BNZ3",9,5,NA,"NO","NO",1,27.5,27.5,27.5
"BNZ3",9.5,1,NA,"NO","NO",1,29.8,29.8,29.8
"BNZ3",9.5,9,NA,"NO","NO",1,8.2,8.2,8.2
"BNZ3",10,0,NA,"NO","NO",2,41.5,41.2,41.7
"BNZ3",10,0.25,NA,"NO","NO",1,43.8,43.8,43.8
"BNZ3",10,0.5,NA,"NO","NO",3,28.2,23.6,33.7
"BNZ3",10,9.5,NA,"NO","NO",1,14.6,14.6,14.6
"BNZ3",10.5,3,NA,"NO","NO",1,25.4,25.4,25.4
"BNZ3",10.5,10,NA,"NO","NO",1,19.8,19.8,19.8
"BNZ3",11,1,NA,"NO","NO",1,43.1,43.1,43.1
"BNZ3",11,5,NA,"NO","NO",1,28.3,28.3,28.3
"BNZ3",11.5,1,NA,"NO","NO",1,45.1,45.1,45.1
"BNZ3",11.5,11,NA,"NO","NO",1,37.4,37.4,37.4
"BNZ3",12,0,NA,"NO","NO",1,41.3,41.3,41.3
"BNZ3",12,1,NA,"NO","NO",4,33.8,23.8,38.3
"BNZ3",12,2,NA,"NO","NO",1,46,46,46
"BNZ3",12,4,NA,"NO","NO",1,39.9,39.9,39.9
"BNZ3",12,7,NA,"NO","NO",1,34.7,34.7,34.7
"BNZ3",12,8,NA,"NO","NO",1,42,42,42
"BNZ3",12,11.5,NA,"NO","NO",1,19.3,19.3,19.3
"BNZ3",12.5,2,NA,"NO","NO",1,28.1,28.1,28.1
"BNZ3",13,1,NA,"NO","NO",1,35.4,35.4,35.4
"BNZ3",13,2,NA,"NO","NO",1,31.2,31.2,31.2
"BNZ3",13,3,NA,"NO","NO",2,41.9,40.4,43.4
"BNZ3",13,7,NA,"NO","NO",1,45.6,45.6,45.6
"BNZ3",13.5,0.5,NA,"NO","NO",1,29.7,29.7,29.7
"BNZ3",14,0,NA,"NO","NO",3,34.1,29.6,42.6
"BNZ3",14,1,NA,"NO","NO",2,40.6,39.8,41.5
"BNZ3",14,3,NA,"NO","NO",1,36.5,36.5,36.5
"BNZ3",14,3.5,NA,"NO","NO",1,37,37,37
"BNZ3",14,4,NA,"NO","NO",1,38.4,38.4,38.4
"BNZ3",14,7,NA,"NO","NO",1,45.3,45.3,45.3
"BNZ3",14,12,NA,"NO","NO",1,47.1,47.1,47.1
"BNZ3",15,1,NA,"NO","NO",1,36.9,36.9,36.9
"BNZ3",15,2,NA,"NO","NO",2,28.8,28.7,28.8
"BNZ3",15,7,NA,"NO","NO",1,38.6,38.6,38.6
"BNZ3",15,10,NA,"NO","NO",1,22.3,22.3,22.3
"BNZ3",15.5,5.5,NA,"NO","NO",1,32.9,32.9,32.9
"BNZ3",16,0,NA,"NO","NO",1,44.8,44.8,44.8
"BNZ3",16,1,NA,"NO","NO",1,30.1,30.1,30.1
"BNZ3",16,2,NA,"NO","NO",7,35.6,26.4,40.4
"BNZ3",16,3,NA,"NO","NO",1,30.8,30.8,30.8
"BNZ3",16,8,NA,"NO","NO",1,43.5,43.5,43.5
"BNZ3",17,0,NA,"NO","NO",1,35.2,35.2,35.2
"BNZ3",17,3,NA,"NO","NO",3,40.8,40.3,41.9
"BNZ3",17,3.5,NA,"NO","NO",1,30,30,30
"BNZ3",17,4,NA,"NO","NO",2,40.2,39,41.5
"BNZ3",17,7,NA,"NO","NO",1,39.6,39.6,39.6
"BNZ3",17,11,NA,"NO","NO",1,14.1,14.1,14.1
"BNZ3",17,12,NA,"NO","NO",2,25.5,23.4,27.7
"BNZ3",18,2,NA,"NO","NO",3,35.7,28.1,41
"BNZ3",18,3,NA,"NO","NO",1,27.4,27.4,27.4
"BNZ3",18,4,NA,"NO","NO",1,41.7,41.7,41.7
"BNZ3",18,8,NA,"NO","NO",1,46.1,46.1,46.1
"BNZ3",19,2,NA,"NO","NO",4,38.5,35.9,42
"BNZ3",19,2.5,NA,"NO","NO",1,41.6,41.6,41.6
"BNZ3",19,3,NA,"NO","NO",1,43.8,43.8,43.8
"BNZ3",19,4,NA,"NO","NO",1,23.3,23.3,23.3
"BNZ3",19,9,NA,"NO","NO",1,45.7,45.7,45.7
"BNZ3",19,14,NA,"NO","NO",3,28.2,21.2,41.2
"BNZ3",20,0,NA,"NO","NO",1,31.2,31.2,31.2
"BNZ3",20,1,NA,"NO","NO",1,23.2,23.2,23.2
"BNZ3",20,2,NA,"NO","NO",3,29,24.7,32.6
"BNZ3",20,3,NA,"NO","NO",1,45.2,45.2,45.2
"BNZ3",20,5,NA,"NO","NO",1,39,39,39
"BNZ3",20,10,NA,"NO","NO",1,39.6,39.6,39.6
"BNZ3",20,13,NA,"NO","NO",1,36.3,36.3,36.3
"BNZ3",20.5,0,NA,"NO","NO",1,46.5,46.5,46.5
"BNZ3",21,2,NA,"NO","NO",1,46.5,46.5,46.5
"BNZ3",21,4,NA,"NO","NO",1,39.6,39.6,39.6
"BNZ3",21,5,NA,"NO","NO",1,46.6,46.6,46.6
"BNZ3",21,7,NA,"NO","NO",1,47.4,47.4,47.4
"BNZ3",21,16,NA,"NO","NO",1,37.9,37.9,37.9
"BNZ3",22,2,NA,"NO","NO",2,32.9,31.2,34.6
"BNZ3",22,3,NA,"NO","NO",2,44.3,43.6,45.1
"BNZ3",22,4,NA,"NO","NO",2,42.9,42.8,43
"BNZ3",22,5,NA,"NO","NO",3,38.6,31,44.6
"BNZ3",22,14,NA,"NO","NO",1,27.4,27.4,27.4
"BNZ3",22,17,NA,"NO","NO",2,25.9,24.1,27.6
"BNZ3",22.5,18,NA,"NO","NO",1,42.4,42.4,42.4
"BNZ3",23,2,NA,"NO","NO",2,38.1,28.6,47.8
"BNZ3",23,3,NA,"NO","NO",4,43.6,37.8,45.6
"BNZ3",23,4,NA,"NO","NO",3,42.5,40.3,44.6
"BNZ3",23,7.5,NA,"NO","NO",1,40.2,40.2,40.2
"BNZ3",23,8.5,NA,"NO","NO",1,43,43,43
"BNZ3",23.5,5.5,NA,"NO","NO",1,20.9,20.9,20.9
"BNZ3",24,3,NA,"NO","NO",2,41.9,37.1,46.7
"BNZ3",24,4,NA,"NO","NO",2,44.3,43.2,45.3
"BNZ3",24,5,NA,"NO","NO",2,32.2,22.4,42
"BNZ3",24,19,NA,"NO","NO",1,22.8,22.8,22.8
"BNZ3",25,2,NA,"NO","NO",2,44,42.9,45.2
"BNZ3",25,3,NA,"NO","NO",1,45.5,45.5,45.5
"BNZ3",25,5,NA,"NO","NO",1,48.4,48.4,48.4
"BNZ3",25,6,NA,"NO","NO",1,37.6,37.6,37.6
"BNZ3",25,7,NA,"NO","NO",2,41.6,40.2,43
"BNZ3",25,7.5,NA,"NO","NO",1,41.3,41.3,41.3
"BNZ3",25,20,NA,"NO","NO",1,35.8,35.8,35.8
"BNZ3",25,22,NA,"NO","NO",1,32.9,32.9,32.9
"BNZ3",25.5,9,NA,"NO","NO",1,43.9,43.9,43.9
"BNZ3",26,3,NA,"NO","NO",2,28.1,26.3,29.8
"BNZ3",26,4,NA,"NO","NO",2,43.1,41.4,44.8
"BNZ3",26,6,NA,"NO","NO",1,43.4,43.4,43.4
"BNZ3",26,7,NA,"NO","NO",3,38.5,31,43.1
"BNZ3",26,21,NA,"NO","NO",2,37.3,36.2,38.4
"BNZ3",27,4,NA,"NO","NO",1,43.3,43.3,43.3
"BNZ3",27,5,NA,"NO","NO",2,41.9,39.4,44.4
"BNZ3",27,8,NA,"NO","NO",1,39.4,39.4,39.4
"BNZ3",27,21,NA,"NO","NO",1,38.6,38.6,38.6
"BNZ3",28,2,NA,"NO","NO",2,42.9,40.1,45.7
"BNZ3",28,5,NA,"NO","NO",2,42.6,41.1,44.1
"BNZ3",28,7,NA,"NO","NO",1,47.5,47.5,47.5
"BNZ3",28,12,NA,"NO","NO",1,43.5,43.5,43.5
"BNZ3",28,14,NA,"NO","NO",1,45.7,45.7,45.7
"BNZ3",28,16,NA,"NO","NO",1,32,32,32
"BNZ3",28,23,NA,"NO","NO",3,37.4,34.9,39.9
"BNZ3",29,3,NA,"NO","NO",1,47.9,47.9,47.9
"BNZ3",29,4,NA,"NO","NO",1,43.5,43.5,43.5
"BNZ3",29,7,NA,"NO","NO",1,33.3,33.3,33.3
"BNZ3",29,9,NA,"NO","NO",1,33.7,33.7,33.7
"BNZ3",29,24,NA,"NO","NO",2,35.1,32.8,37.4
"BNZ3",29,25,NA,"NO","NO",1,35.1,35.1,35.1
"BNZ3",30,4,NA,"NO","NO",1,41.5,41.5,41.5
"BNZ3",30,8,NA,"NO","NO",1,39,39,39
"BNZ3",30,10,NA,"NO","NO",1,38.7,38.7,38.7
"BNZ3",30,25,NA,"NO","NO",3,35.6,31.7,42.1
"BNZ3",30,28,NA,"NO","NO",1,36.3,36.3,36.3
"BNZ3",30.5,7,NA,"NO","NO",1,29.1,29.1,29.1
"BNZ3",30.5,8,NA,"NO","NO",1,41.5,41.5,41.5
"BNZ3",30.5,26,NA,"NO","NO",1,38.2,38.2,38.2
"BNZ3",31,7,NA,"NO","NO",1,47.4,47.4,47.4
"BNZ3",31,26,NA,"NO","NO",2,22.7,20.3,25.2
"BNZ3",31.5,28,NA,"NO","NO",1,36.1,36.1,36.1
"BNZ3",32,6,NA,"NO","NO",1,39.9,39.9,39.9
"BNZ3",32,27,NA,"NO","NO",1,36.8,36.8,36.8
"BNZ3",32,28,NA,"NO","NO",1,37.9,37.9,37.9
"BNZ3",32,29,NA,"NO","NO",2,33.3,20,46.6
"BNZ3",33,8,NA,"NO","NO",1,47.7,47.7,47.7
"BNZ3",33,30,NA,"NO","NO",1,36.1,36.1,36.1
"BNZ3",33.5,30.5,NA,"NO","NO",1,42.5,42.5,42.5
"BNZ3",34,8,NA,"NO","NO",1,26.8,26.8,26.8
"BNZ3",34.5,21,NA,"NO","NO",1,24.1,24.1,24.1
"BNZ3",35.5,30,NA,"NO","NO",1,24.1,24.1,24.1
"BNZ3",36,23,NA,"NO","NO",1,44,44,44
"BNZ3",37,32,NA,"NO","NO",1,26.7,26.7,26.7
"BNZ3",37.5,36,NA,"NO","NO",1,39.1,39.1,39.1
"BNZ3",38,3,NA,"NO","NO",1,45.6,45.6,45.6
"BNZ3",39,5,NA,"NO","NO",1,39.3,39.3,39.3
"BNZ3",40,0,NA,"NO","NO",1,39.5,39.5,39.5
"BNZ3",40,4,NA,"NO","NO",1,45.4,45.4,45.4
"BNZ3",40,33,NA,"NO","NO",1,41,41,41
"BNZ3",41,25,NA,"NO","NO",1,50,50,50
"BNZ3",42,7,NA,"NO","NO",1,40.8,40.8,40.8
"BNZ4",0,5,NA,"YES","NO",27,431.6,409,464
"BNZ4",5,15,NA,"YES","NO",35,404.8,359,440
"BNZ4",15,25,NA,"YES","NO",40,361.1,143,431
"BNZ4",25,35,NA,"YES","NO",46,190.9,29,444
"BNZ4",35,45,NA,"YES","NO",42,122.9,26,351
"BNZ4",45,55,NA,"YES","NO",40,153.5,25,363
"BNZ4",55,65,NA,"YES","NO",33,170,30,382
"BNZ4",65,75,NA,"YES","NO",23,146.2,15,325
"BNZ4",75,85,NA,"YES","NO",14,106.3,18,322
"BNZ4",85,95,NA,"YES","NO",1,19,19,19
"BOU_20YR_roots",-1,NA,0,"NO","NO",0,NA,NA,NA
"BOU_20YR_roots",0,NA,10,"NO","NO",0,NA,NA,NA
"BOU_20YR_roots",10,NA,20,"NO","NO",0,NA,NA,NA
"BOU_20YR_roots",20,NA,30,"NO","NO",0,NA,NA,NA
"BOU_20YR_roots",30,NA,50,"NO","NO",0,NA,NA,NA
"BOU_20YR_soilchem",-1,0,NA,"NO","NO",9,28.5,15.1,37.3
"BOU_20YR_soilchem",0,10,NA,"NO","NO",15,5.2,3.5,6.7
"BOU_20YR_soilchem",10,20,NA,"NO","NO",13,3,2.2,4.1
"BOU_20YR_soilchem",20,30,NA,"NO","NO",15,2,1.5,3.2
"BOU_20YR_soilchem",30,50,NA,"NO","NO",13,1,0.6,1.4
"Calhoun",NA,NA,1,"NO","NO",1,6.7,6.7,6.7
"Calhoun",NA,NA,4,"NO","NO",2,2,1.7,2.2
"Calhoun",NA,NA,4.5,"NO","NO",1,2.8,2.8,2.8
"Calhoun",NA,NA,5,"NO","NO",3,1.7,1,2.4
"Calhoun",NA,NA,5.5,"NO","NO",1,3,3,3
"Calhoun",NA,NA,6.5,"NO","NO",1,1.7,1.7,1.7
"Calhoun",NA,NA,7.5,"NO","NO",1,1.7,1.7,1.7
"Calhoun",NA,NA,13,"NO","NO",1,1.7,1.7,1.7
"Calhoun",NA,NA,14,"NO","NO",2,1.1,0.9,1.3
"Calhoun",NA,NA,15,"NO","NO",2,0.8,0.4,1.2
"Calhoun",NA,NA,18,"NO","NO",1,0.3,0.3,0.3
"Calhoun",NA,NA,21,"NO","NO",2,0.8,0.4,1.2
"Calhoun",NA,NA,25,"NO","NO",2,0.3,0.2,0.4
"Calhoun",NA,NA,27.5,"NO","NO",1,0.5,0.5,0.5
"Calhoun",NA,NA,32.5,"NO","NO",1,0.3,0.3,0.3
"Calhoun",NA,NA,35,"NO","NO",1,0.3,0.3,0.3
"Calhoun",NA,NA,38,"NO","NO",1,0.6,0.6,0.6
"Calhoun",NA,NA,45,"NO","NO",8,0.3,0.1,0.5
"Calhoun",NA,NA,46.5,"NO","NO",0,NA,NA,NA
"Calhoun",NA,NA,47.5,"NO","NO",1,0.3,0.3,0.3
"Calhoun",NA,NA,49,"NO","NO",1,0.1,0.1,0.1
"Calhoun",NA,NA,51.5,"NO","NO",2,0.3,0.3,0.4
"Calhoun",NA,NA,53,"NO","NO",1,0.2,0.2,0.2
"Calhoun",NA,NA,58,"NO","NO",1,0.2,0.2,0.2
"Calhoun",NA,NA,60,"NO","NO",1,0.2,0.2,0.2
"Calhoun",NA,NA,62.5,"NO","NO",1,0.2,0.2,0.2
"Calhoun",NA,NA,72,"NO","NO",1,0.2,0.2,0.2
"Calhoun",NA,NA,73.5,"NO","NO",1,0.1,0.1,0.1
"Calhoun",NA,NA,86,"NO","NO",1,0.1,0.1,0.1
"Calhoun",NA,NA,89,"NO","NO",1,0.1,0.1,0.1
"Calhoun",NA,NA,92,"NO","NO",1,0.3,0.3,0.3
"Calhoun",NA,NA,94,"NO","NO",1,0.1,0.1,0.1
"Calhoun",NA,NA,96.5,"NO","NO",1,0,0,0
"Calhoun",NA,NA,97,"NO","NO",1,0,0,0
"Calhoun",NA,NA,102.5,"NO","NO",1,0.1,0.1,0.1
"Calhoun",NA,NA,103,"NO","NO",1,0.1,0.1,0.1
"Calhoun",NA,NA,105,"NO","NO",1,0,0,0
"Calhoun",NA,NA,110.5,"NO","NO",1,0,0,0
"Calhoun",NA,NA,118.5,"NO","NO",1,0,0,0
"Calhoun",NA,NA,122.5,"NO","NO",1,0,0,0
"Calhoun",NA,NA,125,"NO","NO",8,0.1,0,0.2
"Calhoun",NA,NA,125.5,"NO","NO",1,0.1,0.1,0.1
"Calhoun",NA,NA,129,"NO","NO",1,0.1,0.1,0.1
"Calhoun",NA,NA,131.5,"NO","NO",1,0.1,0.1,0.1
"Calhoun",NA,NA,140,"NO","NO",2,0,0,0.1
"Calhoun",NA,NA,143,"NO","NO",1,0.1,0.1,0.1
"Calhoun",NA,NA,146.5,"NO","NO",1,0,0,0
"Calhoun",NA,NA,149,"NO","NO",0,NA,NA,NA
"Calhoun",NA,NA,150,"NO","NO",1,0,0,0
"Calhoun",NA,NA,157,"NO","NO",1,0,0,0
"Calhoun",NA,NA,157.5,"NO","NO",1,0,0,0
"Calhoun",NA,NA,168.5,"NO","NO",1,0,0,0
"Calhoun",NA,NA,174,"NO","NO",1,0.1,0.1,0.1
"Calhoun",NA,NA,175,"NO","NO",8,0,0,0.1
"Calhoun",NA,NA,180,"NO","NO",1,0,0,0
"Calhoun",NA,NA,187.5,"NO","NO",1,0,0,0
"Calhoun",NA,NA,189.5,"NO","NO",1,0.1,0.1,0.1
"Calhoun",NA,NA,230,"NO","NO",1,0,0,0
"Calhoun",NA,NA,230.5,"NO","NO",1,0.3,0.3,0.3
"Calhoun",NA,NA,245,"NO","NO",1,0,0,0
"Calhoun",NA,NA,275,"NO","NO",7,NA,NA,NA
"Calhoun",NA,NA,450,"NO","NO",8,0,0,0
"cap.survey_200",NA,NA,NA,"YES","NO",825,NA,NA,NA
"CWT_ws7and2_soilCN",0,10,NA,"YES","NO",803,NA,NA,NA
"CWT_ws7and2_soilCN",10,30,NA,"YES","NO",758,NA,NA,NA
"CWT_ws7and2_soilCN",30,35,NA,"YES","NO",1,2.2,2.2,2.2
"CWT_ws7and2_soilCN",30,55,NA,"YES","NO",2,0.5,0.4,0.5
"CWT_ws7and2_soilCN",30,65,NA,"YES","NO",1,2,2,2
"CWT_ws7and2_soilCN",30,75,NA,"YES","NO",1,0.9,0.9,0.9
"CWT_ws7and2_soilCN",30,80,NA,"YES","NO",3,0.5,0.5,0.6
"CWT_ws7and2_soilCN",30,85,NA,"YES","NO",2,0.6,0.4,0.9
"CWT_ws7and2_soilCN",30,90,NA,"YES","NO",5,0.5,0.4,0.6
"CWT_ws7and2_soilCN",30,95,NA,"YES","NO",1,0.6,0.6,0.6
"CWTgradient_forestfloor",NA,NA,NA,"YES","NO",112,NA,NA,NA
"NEON_megapitSOIL_a-master-database",0,1,NA,NA,"NO",0,NA,NA,NA
"NEON_megapitSOIL_a-master-database",0,2,NA,NA,"NO",0,NA,NA,NA
"NEON_megapitSOIL_a-master-database",0,3,NA,NA,"NO",0,NA,NA,NA
"NEON_megapitSOIL_a-master-database",0,4,NA,NA,"NO",0,NA,NA,NA
"NEON_megapitSOIL_a-master-database",0,5,NA,NA,"NO",0,NA,NA,NA
"NEON_megapitSOIL_a-master-database",0,6,NA,NA,"NO",0,NA,NA,NA
"NEON_megapitSOIL_a-master-database",0,7,NA,NA,"NO",0,NA,NA,NA
"NEON_megapitSOIL_a-master-database",0,8,NA,NA,"NO",0,NA,NA,NA
"NEON_megapitSOIL_a-master-database",0,9,NA,NA,"NO",0,NA,NA,NA
"NEON_megapitSOIL_a-master-database",0,10,NA,NA,"NO",0,NA,NA,NA
"NEON_megapitSOIL_a-master-database",0,11,NA,NA,"NO",0,NA,NA,NA
"NEON_megapitSOIL_a-master-database",0,12,NA,NA,"NO",0,NA,NA,NA
"NEON_megapitSOIL_a-master-database",0,13,NA,NA,"NO",0,NA,NA,NA
"NEON_megapitSOIL_a-master-database",0,14,NA,NA,"NO",0,NA,NA,NA
"NEON_megapitSOIL_a-master-database",0,18,NA,NA,"NO",0,NA,NA,NA
"NEON_megapitSOIL_a-master-database",0,21,NA,NA,"NO",0,NA,NA,NA
"NEON_megapitSOIL_a-master-database",0,27,NA,NA,"NO",0,NA,NA,NA
"NEON_megapitSOIL_a-master-database",0,30,NA,NA,"NO",0,NA,NA,NA
"NEON_megapitSOIL_a-master-database",1,10,NA,NA,"NO",0,NA,NA,NA
"NEON_megapitSOIL_a-master-database",2,7,NA,NA,"NO",0,NA,NA,NA
"NEON_megapitSOIL_a-master-database",2,8,NA,NA,"NO",0,NA,NA,NA
"NEON_megapitSOIL_a-master-database",2,13,NA,NA,"NO",0,NA,NA,NA
"NEON_megapitSOIL_a-master-database",2,14,NA,NA,"NO",0,NA,NA,NA
"NEON_megapitSOIL_a-master-database",2,15,NA,NA,"NO",0,NA,NA,NA
"NEON_megapitSOIL_a-master-database",2,17,NA,NA,"NO",0,NA,NA,NA
"NEON_megapitSOIL_a-master-database",3,5,NA,NA,"NO",0,NA,NA,NA
"NEON_megapitSOIL_a-master-database",4,9,NA,NA,"NO",0,NA,NA,NA
"NEON_megapitSOIL_a-master-database",4,11,NA,NA,"NO",0,NA,NA,NA
"NEON_megapitSOIL_a-master-database",4,12,NA,NA,"NO",0,NA,NA,NA
"NEON_megapitSOIL_a-master-database",5,8,NA,NA,"NO",0,NA,NA,NA
"NEON_megapitSOIL_a-master-database",5,9,NA,NA,"NO",0,NA,NA,NA
"NEON_megapitSOIL_a-master-database",5,41,NA,NA,"NO",0,NA,NA,NA
"NEON_megapitSOIL_a-master-database",6,16,NA,NA,"NO",0,NA,NA,NA
"NEON_megapitSOIL_a-master-database",6,31,NA,NA,"NO",0,NA,NA,NA
"NEON_megapitSOIL_a-master-database",7,14,NA,NA,"NO",0,NA,NA,NA
"NEON_megapitSOIL_a-master-database",7,28,NA,NA,"NO",0,NA,NA,NA
"NEON_megapitSOIL_a-master-database",8,11,NA,NA,"NO",0,NA,NA,NA
"NEON_megapitSOIL_a-master-database",8,15,NA,NA,"NO",0,NA,NA,NA
"NEON_megapitSOIL_a-master-database",8,18,NA,NA,"NO",0,NA,NA,NA
"NEON_megapitSOIL_a-master-database",8,20,NA,NA,"NO",0,NA,NA,NA
"NEON_megapitSOIL_a-master-database",8,21,NA,NA,"NO",0,NA,NA,NA
"NEON_megapitSOIL_a-master-database",8,68,NA,NA,"NO",0,NA,NA,NA
"NEON_megapitSOIL_a-master-database",9,15,NA,NA,"NO",0,NA,NA,NA
"NEON_megapitSOIL_a-master-database",9,17,NA,NA,"NO",0,NA,NA,NA
"NEON_megapitSOIL_a-master-database",9,26,NA,NA,"NO",0,NA,NA,NA
"NEON_megapitSOIL_a-master-database",10,19,NA,NA,"NO",0,NA,NA,NA
"NEON_megapitSOIL_a-master-database",10,25,NA,NA,"NO",0,NA,NA,NA
"NEON_megapitSOIL_a-master-database",10,26,NA,NA,"NO",0,NA,NA,NA
"NEON_megapitSOIL_a-master-database",10,30,NA,NA,"NO",0,NA,NA,NA
"NEON_megapitSOIL_a-master-database",10,33,NA,NA,"NO",0,NA,NA,NA
"NEON_megapitSOIL_a-master-database",11,28,NA,NA,"NO",0,NA,NA,NA
"NEON_megapitSOIL_a-master-database",11,31,NA,NA,"NO",0,NA,NA,NA
"NEON_megapitSOIL_a-master-database",11,44,NA,NA,"NO",0,NA,NA,NA
"NEON_megapitSOIL_a-master-database",12,31,NA,NA,"NO",0,NA,NA,NA
"NEON_megapitSOIL_a-master-database",12,66,NA,NA,"NO",0,NA,NA,NA
"NEON_megapitSOIL_a-master-database",13,23,NA,NA,"NO",0,NA,NA,NA
"NEON_megapitSOIL_a-master-database",13,28,NA,NA,"NO",0,NA,NA,NA
"NEON_megapitSOIL_a-master-database",14,23,NA,NA,"NO",0,NA,NA,NA
"NEON_megapitSOIL_a-master-database",14,28,NA,NA,"NO",0,NA,NA,NA
"NEON_megapitSOIL_a-master-database",14,30,NA,NA,"NO",0,NA,NA,NA
"NEON_megapitSOIL_a-master-database",14,34,NA,NA,"NO",0,NA,NA,NA
"NEON_megapitSOIL_a-master-database",15,22,NA,NA,"NO",0,NA,NA,NA
"NEON_megapitSOIL_a-master-database",15,23,NA,NA,"NO",0,NA,NA,NA
"NEON_megapitSOIL_a-master-database",15,27,NA,NA,"NO",0,NA,NA,NA
"NEON_megapitSOIL_a-master-database",16,32,NA,NA,"NO",0,NA,NA,NA
"NEON_megapitSOIL_a-master-database",17,32,NA,NA,"NO",0,NA,NA,NA
"NEON_megapitSOIL_a-master-database",17,33,NA,NA,"NO",0,NA,NA,NA
"NEON_megapitSOIL_a-master-database",18,26,NA,NA,"NO",0,NA,NA,NA
"NEON_megapitSOIL_a-master-database",18,46,NA,NA,"NO",0,NA,NA,NA
"NEON_megapitSOIL_a-master-database",19,40,NA,NA,"NO",0,NA,NA,NA
"NEON_megapitSOIL_a-master-database",20,31,NA,NA,"NO",0,NA,NA,NA
"NEON_megapitSOIL_a-master-database",21,32,NA,NA,"NO",0,NA,NA,NA
"NEON_megapitSOIL_a-master-database",21,34,NA,NA,"NO",0,NA,NA,NA
"NEON_megapitSOIL_a-master-database",21,58,NA,NA,"NO",0,NA,NA,NA
"NEON_megapitSOIL_a-master-database",22,40,NA,NA,"NO",0,NA,NA,NA
"NEON_megapitSOIL_a-master-database",23,31,NA,NA,"NO",0,NA,NA,NA
"NEON_megapitSOIL_a-master-database",23,37,NA,NA,"NO",0,NA,NA,NA
"NEON_megapitSOIL_a-master-database",23,51,NA,NA,"NO",0,NA,NA,NA
"NEON_megapitSOIL_a-master-database",25,37,NA,NA,"NO",0,NA,NA,NA
"NEON_megapitSOIL_a-master-database",26,35,NA,NA,"NO",0,NA,NA,NA
"NEON_megapitSOIL_a-master-database",26,43,NA,NA,"NO",0,NA,NA,NA
"NEON_megapitSOIL_a-master-database",26,66,NA,NA,"NO",0,NA,NA,NA
"NEON_megapitSOIL_a-master-database",27,55,NA,NA,"NO",0,NA,NA,NA
"NEON_megapitSOIL_a-master-database",27,58,NA,NA,"NO",0,NA,NA,NA
"NEON_megapitSOIL_a-master-database",28,36,NA,NA,"NO",0,NA,NA,NA
"NEON_megapitSOIL_a-master-database",28,43,NA,NA,"NO",0,NA,NA,NA
"NEON_megapitSOIL_a-master-database",28,70,NA,NA,"NO",0,NA,NA,NA
"NEON_megapitSOIL_a-master-database",28,125,NA,NA,"NO",0,NA,NA,NA
"NEON_megapitSOIL_a-master-database",30,49,NA,NA,"NO",0,NA,NA,NA
"NEON_megapitSOIL_a-master-database",30,54,NA,NA,"NO",0,NA,NA,NA
"NEON_megapitSOIL_a-master-database",30,55,NA,NA,"NO",0,NA,NA,NA
"NEON_megapitSOIL_a-master-database",31,46,NA,NA,"NO",0,NA,NA,NA
"NEON_megapitSOIL_a-master-database",31,47,NA,NA,"NO",0,NA,NA,NA
"NEON_megapitSOIL_a-master-database",31,48,NA,NA,"NO",0,NA,NA,NA
"NEON_megapitSOIL_a-master-database",31,54,NA,NA,"NO",0,NA,NA,NA
"NEON_megapitSOIL_a-master-database",32,53,NA,NA,"NO",0,NA,NA,NA
"NEON_megapitSOIL_a-master-database",32,58,NA,NA,"NO",0,NA,NA,NA
"NEON_megapitSOIL_a-master-database",33,52,NA,NA,"NO",0,NA,NA,NA
"NEON_megapitSOIL_a-master-database",33,84,NA,NA,"NO",0,NA,NA,NA
"NEON_megapitSOIL_a-master-database",34,59,NA,NA,"NO",0,NA,NA,NA
"NEON_megapitSOIL_a-master-database",34,71,NA,NA,"NO",0,NA,NA,NA
"NEON_megapitSOIL_a-master-database",35,55,NA,NA,"NO",0,NA,NA,NA
"NEON_megapitSOIL_a-master-database",36,61,NA,NA,"NO",0,NA,NA,NA
"NEON_megapitSOIL_a-master-database",37,60,NA,NA,"NO",0,NA,NA,NA
"NEON_megapitSOIL_a-master-database",37,75,NA,NA,"NO",0,NA,NA,NA
"NEON_megapitSOIL_a-master-database",40,65,NA,NA,"NO",0,NA,NA,NA
"NEON_megapitSOIL_a-master-database",40,73,NA,NA,"NO",0,NA,NA,NA
"NEON_megapitSOIL_a-master-database",41,79,NA,NA,"NO",0,NA,NA,NA
"NEON_megapitSOIL_a-master-database",43,55,NA,NA,"NO",0,NA,NA,NA
"NEON_megapitSOIL_a-master-database",43,76,NA,NA,"NO",0,NA,NA,NA
"NEON_megapitSOIL_a-master-database",44,56,NA,NA,"NO",0,NA,NA,NA
"NEON_megapitSOIL_a-master-database",46,64,NA,NA,"NO",0,NA,NA,NA
"NEON_megapitSOIL_a-master-database",46,78,NA,NA,"NO",0,NA,NA,NA
"NEON_megapitSOIL_a-master-database",47,62,NA,NA,"NO",0,NA,NA,NA
"NEON_megapitSOIL_a-master-database",48,57,NA,NA,"NO",0,NA,NA,NA
"NEON_megapitSOIL_a-master-database",49,79,NA,NA,"NO",0,NA,NA,NA
"NEON_megapitSOIL_a-master-database",51,84,NA,NA,"NO",0,NA,NA,NA
"NEON_megapitSOIL_a-master-database",52,66,NA,NA,"NO",0,NA,NA,NA
"NEON_megapitSOIL_a-master-database",53,82,NA,NA,"NO",0,NA,NA,NA
"NEON_megapitSOIL_a-master-database",54,81,NA,NA,"NO",0,NA,NA,NA
"NEON_megapitSOIL_a-master-database",54,89,NA,NA,"NO",0,NA,NA,NA
"NEON_megapitSOIL_a-master-database",55,69,NA,NA,"NO",0,NA,NA,NA
"NEON_megapitSOIL_a-master-database",55,83,NA,NA,"NO",0,NA,NA,NA
"NEON_megapitSOIL_a-master-database",55,86,NA,NA,"NO",0,NA,NA,NA
"NEON_megapitSOIL_a-master-database",55,92,NA,NA,"NO",0,NA,NA,NA
"NEON_megapitSOIL_a-master-database",56,105,NA,NA,"NO",0,NA,NA,NA
"NEON_megapitSOIL_a-master-database",57,83,NA,NA,"NO",0,NA,NA,NA
"NEON_megapitSOIL_a-master-database",58,79,NA,NA,"NO",0,NA,NA,NA
"NEON_megapitSOIL_a-master-database",58,92,NA,NA,"NO",0,NA,NA,NA
"NEON_megapitSOIL_a-master-database",58,100,NA,NA,"NO",0,NA,NA,NA
"NEON_megapitSOIL_a-master-database",58,102,NA,NA,"NO",0,NA,NA,NA
"NEON_megapitSOIL_a-master-database",59,114,NA,NA,"NO",0,NA,NA,NA
"NEON_megapitSOIL_a-master-database",60,75,NA,NA,"NO",0,NA,NA,NA
"NEON_megapitSOIL_a-master-database",61,78,NA,NA,"NO",0,NA,NA,NA
"NEON_megapitSOIL_a-master-database",62,86,NA,NA,"NO",0,NA,NA,NA
"NEON_megapitSOIL_a-master-database",64,84,NA,NA,"NO",0,NA,NA,NA
"NEON_megapitSOIL_a-master-database",65,147,NA,NA,"NO",0,NA,NA,NA
"NEON_megapitSOIL_a-master-database",66,89,NA,NA,"NO",0,NA,NA,NA
"NEON_megapitSOIL_a-master-database",66,107,NA,NA,"NO",0,NA,NA,NA
"NEON_megapitSOIL_a-master-database",66,156,NA,NA,"NO",0,NA,NA,NA
"NEON_megapitSOIL_a-master-database",68,105,NA,NA,"NO",0,NA,NA,NA
"NEON_megapitSOIL_a-master-database",69,99,NA,NA,"NO",0,NA,NA,NA
"NEON_megapitSOIL_a-master-database",70,121,NA,NA,"NO",0,NA,NA,NA
"NEON_megapitSOIL_a-master-database",71,89,NA,NA,"NO",0,NA,NA,NA
"NEON_megapitSOIL_a-master-database",73,140,NA,NA,"NO",0,NA,NA,NA
"NEON_megapitSOIL_a-master-database",75,85,NA,NA,"NO",0,NA,NA,NA
"NEON_megapitSOIL_a-master-database",75,93,NA,NA,"NO",0,NA,NA,NA
"NEON_megapitSOIL_a-master-database",76,101,NA,NA,"NO",0,NA,NA,NA
"NEON_megapitSOIL_a-master-database",78,109,NA,NA,"NO",0,NA,NA,NA
"NEON_megapitSOIL_a-master-database",78,110,NA,NA,"NO",0,NA,NA,NA
"NEON_megapitSOIL_a-master-database",79,110,NA,NA,"NO",0,NA,NA,NA
"NEON_megapitSOIL_a-master-database",79,132,NA,NA,"NO",0,NA,NA,NA
"NEON_megapitSOIL_a-master-database",79,150,NA,NA,"NO",0,NA,NA,NA
"NEON_megapitSOIL_a-master-database",81,137,NA,NA,"NO",0,NA,NA,NA
"NEON_megapitSOIL_a-master-database",82,96,NA,NA,"NO",0,NA,NA,NA
"NEON_megapitSOIL_a-master-database",82,116,NA,NA,"NO",0,NA,NA,NA
"NEON_megapitSOIL_a-master-database",83,107,NA,NA,"NO",0,NA,NA,NA
"NEON_megapitSOIL_a-master-database",83,114,NA,NA,"NO",0,NA,NA,NA
"NEON_megapitSOIL_a-master-database",84,112,NA,NA,"NO",0,NA,NA,NA
"NEON_megapitSOIL_a-master-database",84,123,NA,NA,"NO",0,NA,NA,NA
"NEON_megapitSOIL_a-master-database",84,128,NA,NA,"NO",0,NA,NA,NA
"NEON_megapitSOIL_a-master-database",85,131,NA,NA,"NO",0,NA,NA,NA
"NEON_megapitSOIL_a-master-database",86,105,NA,NA,"NO",0,NA,NA,NA
"NEON_megapitSOIL_a-master-database",89,119,NA,NA,"NO",0,NA,NA,NA
"NEON_megapitSOIL_a-master-database",89,122,NA,NA,"NO",0,NA,NA,NA
"NEON_megapitSOIL_a-master-database",89,132,NA,NA,"NO",0,NA,NA,NA
"NEON_megapitSOIL_a-master-database",92,110,NA,NA,"NO",0,NA,NA,NA
"NEON_megapitSOIL_a-master-database",92,133,NA,NA,"NO",0,NA,NA,NA
"NEON_megapitSOIL_a-master-database",93,130,NA,NA,"NO",0,NA,NA,NA
"NEON_megapitSOIL_a-master-database",96,113,NA,NA,"NO",0,NA,NA,NA
"NEON_megapitSOIL_a-master-database",99,134,NA,NA,"NO",0,NA,NA,NA
"NEON_megapitSOIL_a-master-database",100,140,NA,NA,"NO",0,NA,NA,NA
"NEON_megapitSOIL_a-master-database",101,121,NA,NA,"NO",0,NA,NA,NA
"NEON_megapitSOIL_a-master-database",102,147,NA,NA,"NO",0,NA,NA,NA
"NEON_megapitSOIL_a-master-database",105,126,NA,NA,"NO",0,NA,NA,NA
"NEON_megapitSOIL_a-master-database",105,140,NA,NA,"NO",0,NA,NA,NA
"NEON_megapitSOIL_a-master-database",105,185,NA,NA,"NO",0,NA,NA,NA
"NEON_megapitSOIL_a-master-database",107,145,NA,NA,"NO",0,NA,NA,NA
"NEON_megapitSOIL_a-master-database",107,168,NA,NA,"NO",0,NA,NA,NA
"NEON_megapitSOIL_a-master-database",109,148,NA,NA,"NO",0,NA,NA,NA
"NEON_megapitSOIL_a-master-database",110,148,NA,NA,"NO",0,NA,NA,NA
"NEON_megapitSOIL_a-master-database",110,173,NA,NA,"NO",0,NA,NA,NA
"NEON_megapitSOIL_a-master-database",110,200,NA,NA,"NO",0,NA,NA,NA
"NEON_megapitSOIL_a-master-database",112,145,NA,NA,"NO",0,NA,NA,NA
"NEON_megapitSOIL_a-master-database",113,133,NA,NA,"NO",0,NA,NA,NA
"NEON_megapitSOIL_a-master-database",114,146,NA,NA,"NO",0,NA,NA,NA
"NEON_megapitSOIL_a-master-database",114,147,NA,NA,"NO",0,NA,NA,NA
"NEON_megapitSOIL_a-master-database",116,160,NA,NA,"NO",0,NA,NA,NA
"NEON_megapitSOIL_a-master-database",119,156,NA,NA,"NO",0,NA,NA,NA
"NEON_megapitSOIL_a-master-database",121,148,NA,NA,"NO",0,NA,NA,NA
"NEON_megapitSOIL_a-master-database",121,159,NA,NA,"NO",0,NA,NA,NA
"NEON_megapitSOIL_a-master-database",122,147,NA,NA,"NO",0,NA,NA,NA
"NEON_megapitSOIL_a-master-database",123,160,NA,NA,"NO",0,NA,NA,NA
"NEON_megapitSOIL_a-master-database",125,200,NA,NA,"NO",0,NA,NA,NA
"NEON_megapitSOIL_a-master-database",126,161,NA,NA,"NO",0,NA,NA,NA
"NEON_megapitSOIL_a-master-database",128,200,NA,NA,"NO",0,NA,NA,NA
"NEON_megapitSOIL_a-master-database",130,200,NA,NA,"NO",0,NA,NA,NA
"NEON_megapitSOIL_a-master-database",131,147,NA,NA,"NO",0,NA,NA,NA
"NEON_megapitSOIL_a-master-database",132,164,NA,NA,"NO",0,NA,NA,NA
"NEON_megapitSOIL_a-master-database",132,203,NA,NA,"NO",0,NA,NA,NA
"NEON_megapitSOIL_a-master-database",133,160,NA,NA,"NO",0,NA,NA,NA
"NEON_megapitSOIL_a-master-database",133,200,NA,NA,"NO",0,NA,NA,NA
"NEON_megapitSOIL_a-master-database",134,152,NA,NA,"NO",0,NA,NA,NA
"NEON_megapitSOIL_a-master-database",137,181,NA,NA,"NO",0,NA,NA,NA
"NEON_megapitSOIL_a-master-database",140,155,NA,NA,"NO",0,NA,NA,NA
"NEON_megapitSOIL_a-master-database",140,200,NA,NA,"NO",0,NA,NA,NA
"NEON_megapitSOIL_a-master-database",140,206,NA,NA,"NO",0,NA,NA,NA
"NEON_megapitSOIL_a-master-database",145,164,NA,NA,"NO",0,NA,NA,NA
"NEON_megapitSOIL_a-master-database",145,182,NA,NA,"NO",0,NA,NA,NA
"NEON_megapitSOIL_a-master-database",146,179,NA,NA,"NO",0,NA,NA,NA
"NEON_megapitSOIL_a-master-database",147,156,NA,NA,"NO",0,NA,NA,NA
"NEON_megapitSOIL_a-master-database",147,180,NA,NA,"NO",0,NA,NA,NA
"NEON_megapitSOIL_a-master-database",147,200,NA,NA,"NO",0,NA,NA,NA
"NEON_megapitSOIL_a-master-database",148,165,NA,NA,"NO",0,NA,NA,NA
"NEON_megapitSOIL_a-master-database",148,200,NA,NA,"NO",0,NA,NA,NA
"NEON_megapitSOIL_a-master-database",150,200,NA,NA,"NO",0,NA,NA,NA
"NEON_megapitSOIL_a-master-database",152,200,NA,NA,"NO",0,NA,NA,NA
"NEON_megapitSOIL_a-master-database",156,165,NA,NA,"NO",0,NA,NA,NA
"NEON_megapitSOIL_a-master-database",156,187,NA,NA,"NO",0,NA,NA,NA
"NEON_megapitSOIL_a-master-database",156,206,NA,NA,"NO",0,NA,NA,NA
"NEON_megapitSOIL_a-master-database",159,200,NA,NA,"NO",0,NA,NA,NA
"NEON_megapitSOIL_a-master-database",160,200,NA,NA,"NO",0,NA,NA,NA
"NEON_megapitSOIL_a-master-database",161,200,NA,NA,"NO",0,NA,NA,NA
"NEON_megapitSOIL_a-master-database",164,176,NA,NA,"NO",0,NA,NA,NA
"NEON_megapitSOIL_a-master-database",164,200,NA,NA,"NO",0,NA,NA,NA
"NEON_megapitSOIL_a-master-database",165,178,NA,NA,"NO",0,NA,NA,NA
"NEON_megapitSOIL_a-master-database",165,200,NA,NA,"NO",0,NA,NA,NA
"NEON_megapitSOIL_a-master-database",165,205,NA,NA,"NO",0,NA,NA,NA
"NEON_megapitSOIL_a-master-database",168,176,NA,NA,"NO",0,NA,NA,NA
"NEON_megapitSOIL_a-master-database",173,200,NA,NA,"NO",0,NA,NA,NA
"NEON_megapitSOIL_a-master-database",176,200,NA,NA,"NO",0,NA,NA,NA
"NEON_megapitSOIL_a-master-database",176,203,NA,NA,"NO",0,NA,NA,NA
"NEON_megapitSOIL_a-master-database",178,196,NA,NA,"NO",0,NA,NA,NA
"NEON_megapitSOIL_a-master-database",179,200,NA,NA,"NO",0,NA,NA,NA
"NEON_megapitSOIL_a-master-database",181,200,NA,NA,"NO",0,NA,NA,NA
"NEON_megapitSOIL_a-master-database",182,200,NA,NA,"NO",0,NA,NA,NA
"NEON_megapitSOIL_a-master-database",185,200,NA,NA,"NO",0,NA,NA,NA
"NEON_megapitSOIL_a-master-database",187,200,NA,NA,"NO",0,NA,NA,NA
"NEON_megapitSOIL_a-master-database",196,200,NA,NA,"NO",0,NA,NA,NA
"NEON_megapitSOIL_a-master-database",NA,NA,NA,NA,"NO",0,NA,NA,NA
"som_testing_env",0,NA,NA,"NO","NO",0,NA,NA,NA
"som_testing_env",15,NA,NA,"NO","NO",0,NA,NA,NA
"som_testing_env",30,NA,NA,"NO","NO",0,NA,NA,NA
"som_testing_env",NA,NA,NA,"NO","NO",0,NA,NA,NA
"som_testing_envII",0,10,NA,"YES","NO",18,4.5,2.9,8.7
